{
  "overall": {
    "accuracy": 0.9981675146102905,
    "mean_iou": 0.9674402345389767,
    "mean_iou_no_bg": 0.9518897437924245,
    "mean_dice": 0.9833210802185511,
    "mean_dice_no_bg": 0.9753465825203042,
    "per_class": {
      "background": {
        "precision": 0.9993339975021936,
        "recall": 0.9992061619048354,
        "iou": 0.998541216032081,
        "dice": 0.9992700756150452,
        "f1": 0.9992700756150452,
        "support": 4989446871
      },
      "spacecraft_body": {
        "precision": 0.9769452636550477,
        "recall": 0.97844381127343,
        "iou": 0.9563613322170496,
        "dice": 0.9776939632447669,
        "f1": 0.9776939632447668,
        "support": 188512174
      },
      "solar_panels": {
        "precision": 0.9703971873898423,
        "recall": 0.9756152077553388,
        "iou": 0.9474181553677994,
        "dice": 0.9729992017958414,
        "f1": 0.9729992017958414,
        "support": 64920955
      }
    }
  },
  "per_satellite": {
    "Proba3": {
      "mean_iou": 0.9797780612067212,
      "mean_dice": 0.9897422517169744
    },
    "LisaPathfinder": {
      "mean_iou": 0.9819632372421648,
      "mean_dice": 0.990860477411438
    },
    "Smart1": {
      "mean_iou": 0.9367819520234716,
      "mean_dice": 0.9668357130560213
    },
    "XMM Newton": {
      "mean_iou": 0.9636433166781363,
      "mean_dice": 0.9813078877897525
    },
    "Proba2": {
      "mean_iou": 0.9674371687692114,
      "mean_dice": 0.9833196584457164
    },
    "Cheops": {
      "mean_iou": 0.9812194309893263,
      "mean_dice": 0.9904800898384399
    },
    "Proba3ocs": {
      "mean_iou": 0.9693161821510659,
      "mean_dice": 0.9842897852214207
    },
    "ObservationSat1": {
      "mean_iou": 0.9632543217172923,
      "mean_dice": 0.9811271906353719
    },
    "Soho": {
      "mean_iou": 0.9547600251566507,
      "mean_dice": 0.9765905049518926
    },
    "VenusExpress": {
      "mean_iou": 0.9270159802057157,
      "mean_dice": 0.9614114017330162
    }
  }
}