{
  "overall": {
    "per_class": {
      "0": {
        "precision": 0.9995427720453394,
        "recall": 0.9994781148348333,
        "iou": 0.9990213638876233,
        "dice": 0.9995104423944358,
        "f1": 0.9995104423944356,
        "support": 11226481209
      },
      "1": {
        "precision": 0.985268538164966,
        "recall": 0.9856228502916031,
        "iou": 0.9713089046493888,
        "dice": 0.9854456623804912,
        "f1": 0.9854456623804912,
        "support": 423987447
      },
      "2": {
        "precision": 0.9800982335998878,
        "recall": 0.9839494183410845,
        "iou": 0.9646752378316795,
        "dice": 0.982020050190429,
        "f1": 0.9820200501904292,
        "support": 146011344
      }
    },
    "accuracy": 0.9987879238552517,
    "mean_iou": 0.978335168789564,
    "mean_iou_no_bg": 0.9679920712405341,
    "mean_dice": 0.9889920516551186,
    "mean_dice_no_bg": 0.9837328562854601
  },
  "per_satellite": {
    "XMM Newton": {
      "per_class": {
        "0": {
          "precision": 0.9993207685268898,
          "recall": 0.9993611883521613,
          "iou": 0.9986828241094804,
          "dice": 0.9993409780308157,
          "f1": 0.9993409780308156,
          "support": 1125687051
        },
        "1": {
          "precision": 0.9859816299177168,
          "recall": 0.9832286023208435,
          "iou": 0.9696733175221508,
          "dice": 0.9846031917028758,
          "f1": 0.9846031917028758,
          "support": 44934955
        },
        "2": {
          "precision": 0.9720043940601777,
          "recall": 0.9806125508171177,
          "iou": 0.9536773294026886,
          "dice": 0.9762894978100227,
          "f1": 0.9762894978100226,
          "support": 9025994
        }
      },
      "accuracy": 0.9986032146877712,
      "mean_iou": 0.9740111570114399,
      "mean_iou_no_bg": 0.9616753234624197,
      "mean_dice": 0.9867445558479048,
      "mean_dice_no_bg": 0.9804463447564493
    },
    "LisaPathfinder": {
      "per_class": {
        "0": {
          "precision": 0.9997859461987125,
          "recall": 0.999733437458078,
          "iou": 0.9995194977468244,
          "dice": 0.9997596911389376,
          "f1": 0.9997596911389376,
          "support": 1121477901
        },
        "1": {
          "precision": 0.9915969394959755,
          "recall": 0.9922077383775387,
          "iou": 0.9839345836203446,
          "dice": 0.9919022449065136,
          "f1": 0.9919022449065136,
          "support": 43716063
        },
        "2": {
          "precision": 0.9889139920397669,
          "recall": 0.9911014473742835,
          "iou": 0.9802107860699567,
          "dice": 0.9900065113930028,
          "f1": 0.9900065113930028,
          "support": 14454036
        }
      },
      "accuracy": 0.9993487794664171,
      "mean_iou": 0.9878882891457086,
      "mean_iou_no_bg": 0.9820726848451506,
      "mean_dice": 0.9938894824794846,
      "mean_dice_no_bg": 0.9909543781497582
    },
    "Smart1": {
      "per_class": {
        "0": {
          "precision": 0.9996026869412167,
          "recall": 0.9995642163202018,
          "iou": 0.9991672494023275,
          "dice": 0.9995834512605578,
          "f1": 0.9995834512605579,
          "support": 1162425358
        },
        "1": {
          "precision": 0.965932736974746,
          "recall": 0.9608849733196182,
          "iou": 0.9293887015847808,
          "dice": 0.9634022432300864,
          "f1": 0.9634022432300864,
          "support": 10699622
        },
        "2": {
          "precision": 0.9611324294337686,
          "recall": 0.9759628209019748,
          "iou": 0.9389067064122142,
          "dice": 0.9684908544667248,
          "f1": 0.9684908544667248,
          "support": 6523020
        }
      },
      "accuracy": 0.999082881503635,
      "mean_iou": 0.9558208857997742,
      "mean_iou_no_bg": 0.9341477039984976,
      "mean_dice": 0.9771588496524565,
      "mean_dice_no_bg": 0.9659465488484056
    },
    "Proba3": {
      "per_class": {
        "0": {
          "precision": 0.999406759170435,
          "recall": 0.9993817730002303,
          "iou": 0.9987892652416157,
          "dice": 0.9993942659291609,
          "f1": 0.9993942659291608,
          "support": 1095756090
        },
        "1": {
          "precision": 0.9908324309757565,
          "recall": 0.9909329309682984,
          "iou": 0.9819301058829774,
          "dice": 0.9908826784237317,
          "f1": 0.9908826784237317,
          "support": 68924478
        },
        "2": {
          "precision": 0.9883336727196641,
          "recall": 0.9896809953771629,
          "iou": 0.9782528198353154,
          "dice": 0.9890068751846921,
          "f1": 0.989006875184692,
          "support": 14967432
        }
      },
      "accuracy": 0.9987650400797526,
      "mean_iou": 0.9863240636533028,
      "mean_iou_no_bg": 0.9800914628591464,
      "mean_dice": 0.9930946065125282,
      "mean_dice_no_bg": 0.9899447768042119
    },
    "Cheops": {
      "per_class": {
        "0": {
          "precision": 0.9996857518478138,
          "recall": 0.9996205358124018,
          "iou": 0.9993065260693613,
          "dice": 0.9996531427664561,
          "f1": 0.9996531427664561,
          "support": 1102465038
        },
        "1": {
          "precision": 0.9913132549513758,
          "recall": 0.991282262387003,
          "iou": 0.9827456682172483,
          "dice": 0.9912977584269466,
          "f1": 0.9912977584269467,
          "support": 49801453
        },
        "2": {
          "precision": 0.9889316647645836,
          "recall": 0.9915854527958996,
          "iou": 0.980701590261145,
          "dice": 0.990256780812545,
          "f1": 0.990256780812545,
          "support": 27381509
        }
      },
      "accuracy": 0.9990820100572374,
      "mean_iou": 0.9875845948492515,
      "mean_iou_no_bg": 0.9817236292391966,
      "mean_dice": 0.9937358940019826,
      "mean_dice_no_bg": 0.9907772696197458
    },
    "Proba2": {
      "per_class": {
        "0": {
          "precision": 0.9995247734023629,
          "recall": 0.9992908432957756,
          "iou": 0.9988162903194717,
          "dice": 0.9994077946601391,
          "f1": 0.9994077946601391,
          "support": 1097015646
        },
        "1": {
          "precision": 0.9852507299357616,
          "recall": 0.9877020816647699,
          "iou": 0.973310741198325,
          "dice": 0.9864748829241827,
          "f1": 0.9864748829241827,
          "support": 64500347
        },
        "2": {
          "precision": 0.9783244974263609,
          "recall": 0.9835186474393044,
          "iou": 0.9625442473123444,
          "dice": 0.9809146964513283,
          "f1": 0.9809146964513283,
          "support": 18132007
        }
      },
      "accuracy": 0.9984147677951389,
      "mean_iou": 0.978223759610047,
      "mean_iou_no_bg": 0.9679274942553346,
      "mean_dice": 0.9889324580118833,
      "mean_dice_no_bg": 0.9836947896877555
    },
    "Proba3ocs": {
      "per_class": {
        "0": {
          "precision": 0.9995866697539859,
          "recall": 0.9995826846035984,
          "iou": 0.9991696991925174,
          "dice": 0.9995846771748201,
          "f1": 0.9995846771748201,
          "support": 1125213697
        },
        "1": {
          "precision": 0.9888789617368154,
          "recall": 0.9880472460484457,
          "iou": 0.9771890296587212,
          "dice": 0.9884629289364325,
          "f1": 0.9884629289364325,
          "support": 47478849
        },
        "2": {
          "precision": 0.9789394750447615,
          "recall": 0.9851911895327033,
          "iou": 0.9647434313570209,
          "dice": 0.9820553828656254,
          "f1": 0.9820553828656253,
          "support": 6955454
        }
      },
      "accuracy": 0.9990335472954645,
      "mean_iou": 0.9803673867360866,
      "mean_iou_no_bg": 0.970966230507871,
      "mean_dice": 0.9900343296589593,