{
  "overall": {
    "accuracy": 0.9964769132614135,
    "mean_iou": 0.9318540993295857,
    "mean_iou_no_bg": 0.8990392486405578,
    "mean_dice": 0.9640655942810357,
    "mean_dice_no_bg": 0.9467282336489263,
    "per_class": {
      "background": {
        "precision": 0.9987017301490437,
        "recall": 0.9987789039231159,
        "iou": 0.9974838007076415,
        "dice": 0.998740315545254,
        "f1": 0.998740315545254,
        "support": 4989446871
      },
      "spacecraft_body": {
        "precision": 0.9605554755930933,
        "recall": 0.9542180124663991,
        "iou": 0.9182375348654352,
        "dice": 0.9573762562516532,
        "f1": 0.9573762562516532,
        "support": 188512174
      },
      "solar_panels": {
        "precision": 0.9299738877736756,
        "recall": 0.9422672540784405,
        "iou": 0.8798409624156803,
        "dice": 0.9360802110461994,
        "f1": 0.9360802110461993,
        "support": 64920955
      }
    }
  },
  "per_satellite": {
    "ObservationSat1": {
      "mean_iou": 0.9240880811470098,
      "mean_dice": 0.9598402198447453
    },
    "Cheops": {
      "mean_iou": 0.957036862327413,
      "mean_dice": 0.9777925859918376
    },
    "Smart1": {
      "mean_iou": 0.8791879713986438,
      "mean_dice": 0.9335758886360664
    },
    "Proba3ocs": {
      "mean_iou": 0.9330946768641674,
      "mean_dice": 0.9646818061325648
    },
    "Soho": {
      "mean_iou": 0.9264115519708956,
      "mean_dice": 0.9609998663522624
    },
    "XMM Newton": {
      "mean_iou": 0.9157848878626592,
      "mean_dice": 0.9547953492568134
    },
    "Proba2": {
      "mean_iou": 0.9368231627237602,
      "mean_dice": 0.966797512956075
    },
    "LisaPathfinder": {
      "mean_iou": 0.9584299523497898,
      "mean_dice": 0.9784882034368111
    },
    "VenusExpress": {
      "mean_iou": 0.8620543843639364,
      "mean_dice": 0.9231701442389199
    },
    "Proba3": {
      "mean_iou": 0.9498599604294508,
      "mean_dice": 0.973979197647798
    }
  }
}