{
  "model_path": "model_weights_yolo/yolo11n_640/weights/best.pt",
  "data_yaml": "/project/scratch/p200981/spark2024_yolo/data.yaml",
  "mAP50": 0.9904035803301762,
  "mAP50_95": 0.9754192836077007,
  "precision": 0.9949313099027007,
  "recall": 0.9889843301122644,
  "classification_accuracy": 0.9997,
  "per_class": {
    "VenusExpress": {
      "precision": 0.9985007496251874,
      "recall": 0.999,
      "f1": 0.9987503124218945,
      "support": 2000
    },
    "Cheops": {
      "precision": 1.0,
      "recall": 1.0,
      "f1": 1.0,
      "support": 2000
    },
    "LisaPathfinder": {
      "precision": 0.9995002498750625,
      "recall": 1.0,
      "f1": 0.9997500624843789,
      "support": 2000
    },
    "ObservationSat1": {
      "precision": 1.0,
      "recall": 1.0,
      "f1": 1.0,
      "support": 2000
    },
    "Proba2": {
      "precision": 1.0,
      "recall": 1.0,
      "f1": 1.0,
      "support": 2000
    },
    "Proba3": {
      "precision": 1.0,
      "recall": 1.0,
      "f1": 1.0,
      "support": 2000
    },
    "Proba3ocs": {
      "precision": 1.0,
      "recall": 1.0,
      "f1": 1.0,
      "support": 2000
    },
    "Smart1": {
      "precision": 0.999000999000999,
      "recall": 1.0,
      "f1": 0.9995002498750625,
      "support": 2000
    },
    "Soho": {
      "precision": 1.0,
      "recall": 0.9995,
      "f1": 0.9997499374843711,
      "support": 2000
    },
    "XMM Newton": {
      "precision": 1.0,
      "recall": 0.9985,
      "f1": 0.9992494370778083,
      "support": 2000
    }
  }
}