{
  "overall": {
    "per_class": {
      "0": {
        "precision": 0.9993998793008099,
        "recall": 0.9993026369275072,
        "iou": 0.9987033526896969,
        "dice": 0.9993512557486041,
        "f1": 0.999351255748604,
        "support": 4989446871
      },
      "1": {
        "precision": 0.9798235494351648,
        "recall": 0.9810583904252252,
        "iou": 0.9616316253463477,
        "dice": 0.9804405811173247,
        "f1": 0.9804405811173247,
        "support": 188512174
      },
      "2": {
        "precision": 0.9756752980288621,
        "recall": 0.9794009191639279,
        "iou": 0.9560563314969522,
        "dice": 0.9775345587979984,
        "f1": 0.9775345587979984,
        "support": 64920955
      }
    },
    "accuracy": 0.9984002128601074,
    "mean_iou": 0.972130436510999,
    "mean_iou_no_bg": 0.95884397842165,
    "mean_dice": 0.985775465221309,
    "mean_dice_no_bg": 0.9789875699576616
  },
  "per_satellite": {
    "LisaPathfinder": {
      "per_class": {
        "0": {
          "precision": 0.9996982996353566,
          "recall": 0.9996361406770984,
          "iou": 0.9993346597923971,
          "dice": 0.9996672191899719,
          "f1": 0.9996672191899719,
          "support": 498426146
        },
        "1": {
          "precision": 0.9883755330734885,
          "recall": 0.9895545331654968,
          "iou": 0.9781702615745105,
          "dice": 0.988964681731635,
          "f1": 0.988964681731635,
          "support": 19436374
        },
        "2": {
          "precision": 0.9876753497357338,
          "recall": 0.9888752279985309,
          "iou": 0.9768216176195677,
          "dice": 0.9882749246700655,
          "f1": 0.9882749246700656,
          "support": 6425480
        }
      },
      "accuracy": 0.9991305141448975,
      "mean_iou": 0.9847755129954917,
      "mean_iou_no_bg": 0.9774959395970391,
      "mean_dice": 0.9923022751972241,
      "mean_dice_no_bg": 0.9886198032008502
    },
    "XMM Newton": {
      "per_class": {
        "0": {
          "precision": 0.9991393802584839,
          "recall": 0.9991508115999799,
          "iou": 0.9982916522665576,
          "dice": 0.9991450958965351,
          "f1": 0.9991450958965351,
          "support": 500297696
        },
        "1": {
          "precision": 0.9814254472712876,
          "recall": 0.9785359790061227,
          "iou": 0.960743144353465,
          "dice": 0.9799785832429981,
          "f1": 0.9799785832429981,
          "support": 19976872
        },
        "2": {
          "precision": 0.9652781995822968,
          "recall": 0.9780472174438236,
          "iou": 0.9448078276062676,
          "dice": 0.9716207577888738,
          "f1": 0.9716207577888737,
          "support": 4013432
        }
      },
      "accuracy": 0.998203779220581,
      "mean_iou": 0.9679475414087634,
      "mean_iou_no_bg": 0.9527754859798663,
      "mean_dice": 0.9835814789761357,
      "mean_dice_no_bg": 0.975799670515936
    },
    "Smart1": {
      "per_class": {
        "0": {
          "precision": 0.999509281860543,
          "recall": 0.9994392315703945,
          "iou": 0.9989490635002224,
          "dice": 0.9994742554880627,
          "f1": 0.9994742554880626,
          "support": 516632151
        },
        "1": {
          "precision": 0.954733870960944,
          "recall": 0.9525632844522987,
          "iou": 0.9114014628319265,
          "dice": 0.9536473425960414,
          "f1": 0.9536473425960414,
          "support": 4756105
        },
        "2": {
          "precision": 0.9554324827395466,
          "recall": 0.9709253644459649,
          "iou": 0.9288572301435069,
          "dice": 0.9631166222441461,
          "f1": 0.9631166222441461,
          "support": 2899744
        }
      },
      "accuracy": 0.9988562889099121,
      "mean_iou": 0.9464025854918852,
      "mean_iou_no_bg": 0.9201293464877167,
      "mean_dice": 0.9720794067760834,
      "mean_dice_no_bg": 0.9583819824200938
    },
    "Proba3": {
      "per_class": {
        "0": {
          "precision": 0.9992285992710467,
          "recall": 0.9991443254479921,
          "iou": 0.9983742437818754,
          "dice": 0.9991864605825544,
          "f1": 0.9991864605825544,
          "support": 486987721
        },
        "1": {
          "precision": 0.9869160983137211,
          "recall": 0.9881607178698716,
          "iou": 0.9753828108892997,
          "dice": 0.987538015935444,
          "f1": 0.987538015935444,
          "support": 30645777
        },
        "2": {
          "precision": 0.9862702394468558,
          "recall": 0.9866295028538574,
          "iou": 0.9732619813516358,
          "dice": 0.9864498384395723,
          "f1": 0.9864498384395722,
          "support": 6654502
        }
      },
      "accuracy": 0.9983434658050537,
      "mean_iou": 0.9823396786742703,
      "mean_iou_no_bg": 0.9743223961204677,
      "mean_dice": 0.991058104985857,
      "mean_dice_no_bg": 0.9869939271875081
    },
    "Proba3ocs": {
      "per_class": {
        "0": {
          "precision": 0.9994684801927375,
          "recall": 0.9994518819261441,
          "iou": 0.9989209444757402,
          "dice": 0.999460180990528,
          "f1": 0.999460180990528,
          "support": 500087505
        },
        "1": {
          "precision": 0.9850536422925843,
          "recall": 0.9843511131954163,
          "iou": 0.9698654949321024,
          "dice": 0.9847022524403697,
          "f1": 0.9847022524403697,
          "support": 21108019
        },
        "2": {
          "precision": 0.9726050962262123,
          "recall": 0.9799516633273792,
          "iou": 0.953629736480886,
          "dice": 0.9762645589114334,
          "f1": 0.9762645589114334,
          "support": 3092476
        }
      },
      "accuracy": 0.9987288990020752,
      "mean_iou": 0.9741387252962429,
      "mean_iou_no_bg": 0.9617476157064941,
      "mean_dice": 0.9868089974474437,
      "mean_dice_no_bg": 0.9804834056759015
    },
    "Proba2": {
      "per_class": {
        "0": {
          "precision": 0.9993562296266805,
          "recall": 0.9990337730250837,
          "iou": 0.9983912457076742,
          "dice": 0.9991949753103747,
          "f1": 0.9991949753103746,
          "support": 487543830
        },
        "1": {
          "precision": 0.9791743863741871,
          "recall": 0.9831578796894778,
          "iou": 0.9630207906792579,
          "dice": 0.9811620898279196,
          "f1": 0.9811620898279195,
          "support": 28681365
        },
        "2": {
          "precision": 0.9734671810821978,
          "recall": 0.9783727871379749,
          "iou": 0.9529606374244788,
          "dice": 0.9759138194215959,
          "f1": 0.975913819421596,
          "support": 8062805
        }
      },
      "accuracy": 0.9978475399017334,
      "mean_iou": 0.9714575579371371,
      "mean_iou_no_bg": 0.9579907140518684,
      "mean_dice": 0.9854236281866301,
      "mean_dice_no_bg": 0.9785379546247578
    },
    "Cheops": {
      "per_class": {
        "0": {
          "precision": 0.9995628106577429,
          "recall": 0.9995061321044261,
          "iou": 0.999069374388795,
          "dice": 0.9995344705775958,
          "f1": 0.9995344705775957,
          "support": 489971108
        },
        "1": {
          "precision": 0.9879769421203657,
          "recall": 0.9881656377160457,
          "iou": 0.9764237957363543,
          "dice": 0.9880712809092334,
          "f1": 0.9880712809092334,
          "support": 22142300
        },
        "2": {
          "precision": 0.9872753613540943,
          "recall": 0.9891854281441218,
          "iou": 0.9767328107029071,
          "dice": 0.9882294717975469,
          "f1": 0.9882294717975469,
          "support": 12174592
        }
      },
      "accuracy": 0.9987875289916992,
      "mean_iou": 0.9840753269426855,
      "mean_iou_no_bg": 0.9765783032196307,
      "mean_dice": 0.9919450744281253,
      "mean_dice_no_bg": 0.9881503763533901
    },